[
  {
    "id": 1,
    "name": "Región de Arica y Parinacota",
    "roman": "XV",
    "provinces": [
      {
        "id": 1,
        "name": "Arica",
        "communes": [ "Arica", "Camarones" ]
      },
      {
        "id": 2,
        "name": "Parinacota",
        "communes": [ "Putre", "General Lagos" ]
      }
    ]
  },
  {
    "id": 2,
    "name": "Región de Tarapacá",
    "roman": "I",
    "provinces": [
      {
        "id": 3,
        "name": "Iquique",
        "communes": [ "Iquique", "Alto Hospicio" ]
      },
      {
        "id": 4,
        "name": "Tamarugal",
        "communes": [
          "Pozo Almonte",
          "Camiña",
          "Colchane",
          "Huara",
          "Pica"
        ]
      }
    ]
  },
  {
    "id": 3,
    "name": "Región de Antofagasta",
    "roman": "II",
    "provinces": [
      {
        "id": 5,
        "name": "Antofagasta",
        "communes": [
          "Antofagasta",
          "Mejillones",
          "Sierra Gorda",
          "Taltal"
        ]
      },
      {
        "id": 6,
        "name": "El Loa",
        "communes": [
          "Calama",
          "Ollagüe",
          "San Pedro de Atacama"
        ]
      },
      {
        "id": 7,
        "name": "Tocopilla",
        "communes": [
          "Tocopilla",
          "María Elena"
        ]
      }
    ]
  },
  {
    "id": 4,
    "name": "Región de Atacama",
    "roman": "III",
    "provinces": [
      {
        "id": 8,
        "name": "Copiapó",
        "communes": [ "Copiapó", "Caldera", "Tierra Amarilla" ]
      },
      {
        "id": 9,
        "name": "Chañaral",
        "communes": [ "Chañaral", "Diego de Almagro" ]
      },
      {
        "id": 10,
        "name": "Huasco",
        "communes": [
          "Vallenar",
          "Alto del Carmen",
          "Freirina",
          "Huasco"
        ]
      }
    ]
  },
  {
    "id": 5,
    "name": "Región de Coquimbo",
    "roman": "IV",
    "provinces": [
      {
        "id": 11,
        "name": "Elqui",
        "communes": [
          "La Serena",
          "Coquimbo",
          "Andacollo",
          "La Higuera",
          "Paihuano",
          "Vicuña"
        ]
      },
      {
        "id": 12,
        "name": "Choapa",
        "communes": [
          "Illapel",
          "Canela",
          "Los Vilos",
          "Salamanca"
        ]
      },
      {
        "id": 13,
        "name": "Limarí",
        "communes": [
          "Ovalle",
          "Combarbalá",
          "Monte Patria",
          "Punitaqui",
          "Río Hurtado"
        ]
      }
    ]
  },
  {
    "id": 6,
    "name": "Región de Valparaíso",
    "roman": "V",
    "provinces": [
      {
        "id": 14,
        "name": "Valparaíso",
        "communes": [
          "Valparaíso",
          "Viña del Mar",
          "Concón",
          "Quintero",
          "Puchuncaví",
          "Casablanca",
          "Juan Fernández"
        ]
      },
      {
        "id": 15,
        "name": "Isla de Pascua",
        "communes": [ "Isla de Pascua" ]
      },
      {
        "id": 16,
        "name": "Los Andes",
        "communes": [
          "Los Andes",
          "San Esteban",
          "Calle Larga",
          "Rinconada"
        ]
      },
      {
        "id": 17,
        "name": "Petorca",
        "communes": [
          "La Ligua",
          "Cabildo",
          "Zapallar",
          "Papudo",
          "Petorca"
        ]
      },
      {
        "id": 18,
        "name": "Quillota",
        "communes": [
          "Quillota",
          "La Calera",
          "Hijuelas",
          "La Cruz",
          "Nogales"
        ]
      },
      {
        "id": 19,
        "name": "San Antonio",
        "communes": [
          "San Antonio",
          "Cartagena",
          "El Quisco",
          "El Tabo",
          "Algarrobo",
          "Santo Domingo"
        ]
      },
      {
        "id": 20,
        "name": "San Felipe de Aconcagua",
        "communes": [
          "San Felipe",
          "Llaillay",
          "Catemu",
          "Putaendo",
          "Santa María"
        ]
      },
      {
        "id": 21,
        "name": "Marga Marga",
        "communes": [
          "Quilpué",
          "Villa Alemana",
          "Limache",
          "Olmué"
        ]
      }
    ]
  },
  {
    "id": 7,
    "name": "Región del Libertador General Bernardo O’Higgins",
    "roman": "VI",
    "provinces": [
      {
        "id": 22,
        "name": "Cachapoal",
        "communes": [
          "Rancagua",
          "Graneros",
          "Machalí",
          "Rengo",
          "Requínoa",
          "Coltauco",
          "Doñihue",
          "Las Cabras",
          "Codegua",
          "Peumo",
          "Pichidegua",
          "San Vicente"
        ]
      },
      {
        "id": 23,
        "name": "Colchagua",
        "communes": [
          "San Fernando",
          "Santa Cruz",
          "Nancagua",
          "Placilla",
          "Chimbarongo",
          "Lolol",
          "Palmilla",
          "Peralillo",
          "Pumanque"
        ]
      },
      {
        "id": 24,
        "name": "Cardenal Caro",
        "communes": [
          "Pichilemu",
          "La Estrella",
          "Litueche",
          "Marchihue",
          "Navidad",
          "Paredones"
        ]
      }
    ]
  },
  {
    "id": 8,
    "name": "Región del Maule",
    "roman": "VII",
    "provinces": [
      {
        "id": 25,
        "name": "Talca",
        "communes": [
          "Talca",
          "San Clemente",
          "Pelarco",
          "Pencahue",
          "Maule",
          "San Rafael"
        ]
      },
      {
        "id": 26,
        "name": "Cauquenes",
        "communes": [
          "Cauquenes",
          "Chanco",
          "Pelluhue"
        ]
      },
      {
        "id": 27,
        "name": "Curicó",
        "communes": [
          "Curicó",
          "Teno",
          "Romeral",
          "Molina",
          "Sagrada Familia",
          "Hualañé",
          "Licantén",
          "Vichuquén"
        ]
      },
      {
        "id": 28,
        "name": "Linares",
        "communes": [
          "Linares",
          "San Javier",
          "Parral",
          "Retiro",
          "Villa Alegre",
          "Colbún",
          "Yerbas Buenas",
          "Longaví"
        ]
      }
    ]
  },
  {
    "id": 9,
    "name": "Región del Ñuble",
    "roman": "XVI",
    "provinces": [
      {
        "id": 29,
        "name": "Diguillín",
        "communes": [
          "Chillán",
          "Bulnes",
          "Chillán Viejo",
          "El Carmen",
          "Pemuco",
          "Pinto",
          "Quillón",
          "San Ignacio",
          "Yungay"
        ]
      },
      {
        "id": 30,
        "name": "Itata",
        "communes": [
          "Quirihue",
          "Cobquecura",
          "Coelemu",
          "Ninhue",
          "Portezuelo",
          "Ranquil",
          "Treguaco"
        ]
      },
      {
        "id": 31,
        "name": "Punilla",
        "communes": [
          "San Carlos",
          "Ñiquén",
          "San Fabián",
          "San Nicolás"
        ]
      }
    ]
  },
  {
    "id": 10,
    "name": "Región del Biobío",
    "roman": "VIII",
    "provinces": [
      {
        "id": 32,
        "name": "Concepción",
        "communes": [
          "Concepción",
          "Coronel",
          "Chiguayante",
          "Florida",
          "Hualqui",
          "Lota",
          "Penco",
          "San Pedro de la Paz",
          "Santa Juana",
          "Talcahuano",
          "Tomé",
          "Hualpén"
        ]
      },
      {
        "id": 33,
        "name": "Arauco",
        "communes": [
          "Lebu",
          "Arauco",
          "Curanilahue",
          "Los Álamos",
          "Cañete",
          "Contulmo",
          "Tirúa"
        ]
      },
      {
        "id": 34,
        "name": "Biobío",
        "communes": [
          "Los Ángeles",
          "Antuco",
          "Cabrero",
          "Laja",
          "Mulchén",
          "Nacimiento",
          "Negrete",
          "Quilaco",
          "Quilleco",
          "San Rosendo",
          "Santa Bárbara",
          "Tucapel",
          "Yumbel",
          "Alto Biobío"
        ]
      }
    ]
  },
  {
    "id": 11,
    "name": "Región de La Araucanía",
    "roman": "IX",
    "provinces": [
      {
        "id": 35,
        "name": "Cautín",
        "communes": [
          "Temuco",
          "Carahue",
          "Cunco",
          "Curarrehue",
          "Freire",
          "Galvarino",
          "Gorbea",
          "Lautaro",
          "Loncoche",
          "Melipeuco",
          "Nueva Imperial",
          "Padre Las Casas",
          "Perquenco",
          "Pitrufquén",
          "Pucón",
          "Saavedra",
          "Teodoro Schmidt",
          "Toltén",
          "Vilcún",
          "Villarrica"
        ]
      },
      {
        "id": 36,
        "name": "Malleco",
        "communes": [
          "Angol",
          "Collipulli",
          "Curacautín",
          "Ercilla",
          "Lonquimay",
          "Los Sauces",
          "Lumaco",
          "Purén",
          "Renaico",
          "Traiguén",
          "Victoria"
        ]
      }
    ]
  },
  {
    "id": 12,
    "name": "Región de Los Ríos",
    "roman": "XIV",
    "provinces": [
      {
        "id": 37,
        "name": "Valdivia",
        "communes": [
          "Valdivia",
          "Corral",
          "Lanco",
          "Los Lagos",
          "Máfil",
          "Mariquina",
          "Paillaco",
          "Panguipulli"
        ]
      },
      {
        "id": 38,
        "name": "Ranco",
        "communes": [
          "La Unión",
          "Futrono",
          "Lago Ranco",
          "Río Bueno"
        ]
      }
    ]
  },
  {
    "id": 13,
    "name": "Región de Los Lagos",
    "roman": "X",
    "provinces": [
      {
        "id": 39,
        "name": "Llanquihue",
        "communes": [
          "Puerto Montt",
          "Puerto Varas",
          "Cochamó",
          "Fresia",
          "Frutillar",
          "Los Muermos",
          "Llanquihue",
          "Maullín",
          "Puyehue"
        ]
      },
      {
        "id": 40,
        "name": "Chiloé",
        "communes": [
          "Castro",
          "Ancud",
          "Chonchi",
          "Curaco de Vélez",
          "Dalcahue",
          "Puqueldón",
          "Queilén",
          "Quellón",
          "Quemchi",
          "Quinchao"
        ]
      },
      {
        "id": 41,
        "name": "Osorno",
        "communes": [
          "Osorno",
          "Bahía Mansa",
          "Puerto Octay",
          "Purranque",
          "Puyehue",
          "Río Negro",
          "San Juan de la Costa",
          "San Pablo"
        ]
      },
      {
        "id": 42,
        "name": "Palena",
        "communes": [
          "Chaitén",
          "Futaleufú",
          "Hualaihué",
          "Palena"
        ]
      }
    ]
  },
  {
    "id": 14,
    "name": "Región de Aysén del General Carlos Ibáñez del Campo",
    "roman": "XI",
    "provinces": [
      {
        "id": 43,
        "name": "Coyhaique",
        "communes": [
          "Coyhaique",
          "Lago Verde"
        ]
      },
      {
        "id": 44,
        "name": "Aysén",
        "communes": [
          "Aysén",
          "Cisnes",
          "Guaitecas"
        ]
      },
      {
        "id": 45,
        "name": "Capitán Prat",
        "communes": [
          "Cochrane",
          "O'Higgins",
          "Tortel"
        ]
      },
      {
        "id": 46,
        "name": "General Carrera",
        "communes": [
          "Chile Chico",
          "Río Ibáñez"
        ]
      }
    ]
  },
  {
    "id": 15,
    "name": "Región de Magallanes y de la Antártica Chilena",
    "roman": "XII",
    "provinces": [
      {
        "id": 47,
        "name": "Magallanes",
        "communes": [
          "Punta Arenas",
          "Laguna Blanca",
          "Río Verde",
          "San Gregorio"
        ]
      },
      {
        "id": 48,
        "name": "Antártica Chilena",
        "communes": [
          "Cabo de Hornos",
          "Antártica"
        ]
      },
      {
        "id": 49,
        "name": "Tierra del Fuego",
        "communes": [
          "Porvenir",
          "Primavera",
          "Timaukel"
        ]
      },
      {
        "id": 50,
        "name": "Última Esperanza",
        "communes": [
          "Natales",
          "Torres del Paine"
        ]
      }
    ]
  },
  {
    "id": 16,
    "name": "Región Metropolitana de Santiago",
    "roman": "RM",
    "provinces": [
      {
        "id": 51,
        "name": "Santiago",
        "communes": [
          "Santiago",
          "Providencia",
          "Las Condes",
          "Vitacura",
          "La Florida",
          "Puente Alto",
          "Maipú",
          "Ñuñoa",
          "Huechuraba",
          "Independencia",
          "Recoleta",
          "Quilicura",
          "Lo Barnechea",
          "Macul",
          "San Joaquín",
          "San Miguel",
          "Pedro Aguirre Cerda",
          "La Granja",
          "La Pintana",
          "Lo Prado",
          "Estación Central",
          "Pudahuel",
          "Quinta Normal",
          "Renca",
          "Cerro Navia"
        ]
      },
      {
        "id": 52,
        "name": "Chacabuco",
        "communes": [
          "Colina",
          "Lampa",
          "Tiltil"
        ]
      },
      {
        "id": 53,
        "name": "Cordillera",
        "communes": [
          "Puente Alto",
          "Pirque",
          "San José de Maipo"
        ]
      },
      {
        "id": 54,
        "name": "Maipo",
        "communes": [
          "San Bernardo",
          "Buin",
          "Calera de Tango",
          "Paine"
        ]
      },
      {
        "id": 55,
        "name": "Melipilla",
        "communes": [
          "Melipilla",
          "Alhué",
          "Curacaví",
          "María Pinto",
          "San Pedro"
        ]
      },
      {
        "id": 56,
        "name": "Talagante",
        "communes": [
          "Talagante",
          "El Monte",
          "Isla de Maipo",
          "Padre Hurtado",
          "Peñaflor"
        ]
      }
    ]
  }
]